{"cameraMode":{"drawMode":0,"name":"Shaded","section":"Shading Mode"},"sceneLighting":true,"audioPlay":false,"sceneViewState":{"showFog":true,"showMaterialUpdate":true,"showSkybox":true,"showFlares":true,"showImageEffects":true,"showParticleSystems":true},"in2DMode":false,"pivot":{"x":-14.93436336517334,"y":1.8697112798690797,"z":-28.883346557617189},"rotation":{"x":0.15328428149223329,"y":-0.2544913589954376,"z":0.04087209329009056,"w":0.9539984464645386},"size":1.3519186973571778,"orthographic":false}